{
  "source_file": "stl/test_part_m.stl",
  "angle_threshold": 60,
  "bend_threshold": 60,
  "num_faces": 24,
  "faces": [
    {
      "face_id": 0,
      "file": "face_000.stl",
      "num_triangles": 2353,
      "num_vertices": 1263,
      "area_m2": 0.7847590243213146,
      "bounds": {
        "min": [
          -0.4894942343235016,
          0.75,
          1.0305026769638062
        ],
        "max": [
          0.371202677488327,
          1.6657224893569946,
          1.4662455320358276
        ],
        "size": [
          0.8606969118118286,
          0.9157224893569946,
          0.4357428550720215
        ]
      },
      "centroid": [
        -0.05262437539792652,
        1.1902380865666151,
        1.3621861857710746
      ],
      "volume": 0.08104518585529283
    },
    {
      "face_id": 1,
      "file": "face_001.stl",
      "num_triangles": 2796,
      "num_vertices": 1479,
      "area_m2": 0.7040181702732098,
      "bounds": {
        "min": [
          -0.061839353293180466,
          0.75,
          0.5163013339042664
        ],
        "max": [
          0.43911120295524597,
          1.6699999570846558,
          1.270254373550415
        ],
        "size": [
          0.5009505562484264,
          0.9199999570846558,
          0.7539530396461487
        ]
      },
      "centroid": [
        0.32895549139222763,
        1.2260450150115971,
        0.9260154708579889
      ],
      "volume": 0.1967116906375343
    },
    {
      "face_id": 2,
      "file": "face_002.stl",
      "num_triangles": 2341,
      "num_vertices": 1255,
      "area_m2": 0.7064953478693574,
      "bounds": {
        "min": [
          -0.5004138946533203,
          0.75,
          0.46434441208839417
        ],
        "max": [
          0.2977990210056305,
          1.6699999570846558,
          0.9652949571609497
        ],
        "size": [
          0.7982129156589508,
          0.9199999570846558,
          0.5009505450725555
        ]
      },
      "centroid": [
        -0.08945944052329281,
        1.1869249829297994,
        0.5650142264819527
      ],
      "volume": 0.062029693872493054
    },
    {
      "face_id": 3,
      "file": "face_003.stl",
      "num_triangles": 2379,
      "num_vertices": 1304,
      "area_m2": 0.6538932833387694,
      "bounds": {
        "min": [
          -0.5627899169921875,
          0.75,
          0.6393673419952393
        ],
        "max": [
          -0.08811292052268982,
          1.6680973768234253,
          1.3037322759628296
        ],
        "size": [
          0.4746769964694977,
          0.9180973768234253,
          0.6643649339675903
        ]
      },
      "centroid": [
        -0.45372072794485885,
        1.225280673960521,
        0.9564121049814377
      ],
      "volume": 0.24882223496140882
    },
    {
      "face_id": 4,
      "file": "face_004.stl",
      "num_triangles": 7,
      "num_vertices": 8,
      "area_m2": 0.015055923821202709,
      "bounds": {
        "min": [
          -0.442263662815094,
          0.75,
          1.2912225723266602
        ],
        "max": [
          -0.4157283902168274,
          1.1918096542358398,
          1.3195204734802246
        ],
        "size": [
          0.0265352725982666,
          0.44180965423583984,
          0.028297901153564453
        ]
      },
      "centroid": [
        -0.43034249449282613,
        0.97452858575082,
        1.304373233199664
      ],
      "volume": 0.004767004521203184
    },
    {
      "face_id": 5,
      "file": "face_005.stl",
      "num_triangles": 956,
      "num_vertices": 561,
      "area_m2": 0.028436196340468296,
      "bounds": {
        "min": [
          -0.198966845870018,
          1.6231539249420166,
          0.7948054671287537
        ],
        "max": [
          -0.006746806204319,
          1.6699999570846558,
          1.164753794670105
        ],
        "size": [
          0.192220039665699,
          0.04684603214263916,
          0.3699483275413513
        ]
      },
      "centroid": [
        -0.10950204080571527,
        1.6591595804417192,
        0.956697648443614
      ],
      "volume": 0.0003586015799302854
    },
    {
      "face_id": 6,
      "file": "face_006.stl",
      "num_triangles": 1,
      "num_vertices": 3,
      "area_m2": 0.0001369107000369007,
      "bounds": {
        "min": [
          -0.16025181114673615,
          1.5666766166687012,
          1.2356809377670288
        ],
        "max": [
          -0.14836406707763672,
          1.579576015472412,
          1.2564945220947266
        ],
        "size": [
          0.011887744069099426,
          0.012899398803710938,
          0.020813584327697754
        ]
      },
      "centroid": [
        -0.15409003694852194,
        1.575276215871175,
        1.2439639170964558
      ],
      "volume": 4.010473361285504e-06
    },
    {
      "face_id": 7,
      "file": "face_007.stl",
      "num_triangles": 1,
      "num_vertices": 3,
      "area_m2": 6.202316526621854e-05,
      "bounds": {
        "min": [
          -0.16526095569133759,
          1.6529629230499268,
          1.031753659248352
        ],
        "max": [
          -0.14845001697540283,
          1.6581480503082275,
          1.0490888357162476
        ],
        "size": [
          0.016810938715934753,
          0.005185127258300781,
          0.017335176467895508
        ]
      },
      "centroid": [
        -0.15847064554691315,
        1.6546912988026936,
        1.0418318907419841
      ],
      "volume": 1.822369126676519e-06
    },
    {
      "face_id": 8,
      "file": "face_008.stl",
      "num_triangles": 1,
      "num_vertices": 3,
      "area_m2": 4.176128840081154e-05,
      "bounds": {
        "min": [
          -0.1488630622625351,
          1.6624038219451904,
          0.9500530362129211
        ],
        "max": [
          -0.12704706192016602,
          1.6657224893569946,
          0.953838050365448
        ],
        "size": [
          0.02181600034236908,
          0.0033186674118041992,
          0.0037850141525268555
        ]
      },
      "centroid": [
        -0.14139687518278757,
        1.6635100444157918,
        0.952562709649404
      ],
      "volume": 8.880574349375846e-07
    },
    {
      "face_id": 9,
      "file": "face_009.stl",
      "num_triangles": 1,
      "num_vertices": 3,
      "area_m2": 1.0828776388093964e-05,
      "bounds": {
        "min": [
          -0.04440399631857872,
          1.6680973768234253,
          0.9366726279258728
        ],
        "max": [
          -0.027728604152798653,
          1.669524073600769,
          0.951439380645752
        ],
        "size": [
          0.016675392165780067,
          0.00142669677734375,
          0.01476675271987915
        ]
      },
      "centroid": [
        -0.03863834651807944,
        1.669048508008321,
        0.9462589820226034
      ],
      "volume": -2.1345668480957773e-08
    },
    {
      "face_id": 10,
      "file": "face_010.stl",
      "num_triangles": 111,
      "num_vertices": 73,
      "area_m2": 0.003564394235399537,
      "bounds": {
        "min": [
          -0.061839353293180466,
          1.6468584537506104,
          0.895252525806427
        ],
        "max": [
          0.08246131241321564,
          1.6699999570846558,
          0.9652949571609497
        ],
        "size": [
          0.1443006657063961,
          0.02314150333404541,
          0.0700424313545227
        ]
      },
      "centroid": [
        0.023535548593377142,
        1.6602536870177287,
        0.9303345299950749
      ],
      "volume": 2.10458342242186e-05
    },
    {
      "face_id": 11,
      "file": "face_011.stl",
      "num_triangles": 1,
      "num_vertices": 3,
      "area_m2": 4.1761505827996726e-05,
      "bounds": {
        "min": [
          0.010061421431601048,
          1.6581480503082275,
          0.9026774168014526
        ],